,Actual,Prediction
0,CANDIDATE,FALSE POSITIVE
1,CONFIRMED,CONFIRMED
2,CONFIRMED,FALSE POSITIVE
3,CONFIRMED,CONFIRMED
4,CANDIDATE,FALSE POSITIVE
5,FALSE POSITIVE,FALSE POSITIVE
6,CONFIRMED,CONFIRMED
7,FALSE POSITIVE,CONFIRMED
8,FALSE POSITIVE,FALSE POSITIVE
9,CONFIRMED,CONFIRMED
10,FALSE POSITIVE,FALSE POSITIVE
11,FALSE POSITIVE,FALSE POSITIVE
12,FALSE POSITIVE,FALSE POSITIVE
13,CONFIRMED,CANDIDATE
14,FALSE POSITIVE,CONFIRMED
15,FALSE POSITIVE,CONFIRMED
16,FALSE POSITIVE,CONFIRMED
17,CONFIRMED,FALSE POSITIVE
18,FALSE POSITIVE,FALSE POSITIVE
19,CANDIDATE,FALSE POSITIVE
20,CONFIRMED,FALSE POSITIVE
21,FALSE POSITIVE,FALSE POSITIVE
22,CANDIDATE,CONFIRMED
23,FALSE POSITIVE,FALSE POSITIVE
24,FALSE POSITIVE,FALSE POSITIVE
25,FALSE POSITIVE,FALSE POSITIVE
26,CONFIRMED,CONFIRMED
27,CANDIDATE,CONFIRMED
28,FALSE POSITIVE,CONFIRMED
29,FALSE POSITIVE,FALSE POSITIVE
30,CANDIDATE,FALSE POSITIVE
31,FALSE POSITIVE,FALSE POSITIVE
32,FALSE POSITIVE,FALSE POSITIVE
33,FALSE POSITIVE,FALSE POSITIVE
34,FALSE POSITIVE,FALSE POSITIVE
35,CANDIDATE,CONFIRMED
36,CONFIRMED,CONFIRMED
37,CANDIDATE,CONFIRMED
38,FALSE POSITIVE,FALSE POSITIVE
39,CANDIDATE,CONFIRMED
40,FALSE POSITIVE,FALSE POSITIVE
41,FALSE POSITIVE,FALSE POSITIVE
42,CANDIDATE,FALSE POSITIVE
43,FALSE POSITIVE,FALSE POSITIVE
44,CONFIRMED,FALSE POSITIVE
45,FALSE POSITIVE,FALSE POSITIVE
46,CONFIRMED,FALSE POSITIVE
47,CANDIDATE,FALSE POSITIVE
48,FALSE POSITIVE,FALSE POSITIVE
49,CONFIRMED,CONFIRMED
50,CONFIRMED,CANDIDATE
51,FALSE POSITIVE,CONFIRMED
52,CANDIDATE,FALSE POSITIVE
53,FALSE POSITIVE,CONFIRMED
54,FALSE POSITIVE,CONFIRMED
55,FALSE POSITIVE,CANDIDATE
56,FALSE POSITIVE,CONFIRMED
57,CANDIDATE,CONFIRMED
58,FALSE POSITIVE,FALSE POSITIVE
59,FALSE POSITIVE,FALSE POSITIVE
60,CONFIRMED,CONFIRMED
61,FALSE POSITIVE,FALSE POSITIVE
62,CANDIDATE,CONFIRMED
63,CONFIRMED,CONFIRMED
64,CANDIDATE,CONFIRMED
65,CANDIDATE,CONFIRMED
66,CANDIDATE,FALSE POSITIVE
67,CANDIDATE,FALSE POSITIVE
68,CONFIRMED,FALSE POSITIVE
69,FALSE POSITIVE,FALSE POSITIVE
70,CANDIDATE,CONFIRMED
71,CONFIRMED,CONFIRMED
72,FALSE POSITIVE,FALSE POSITIVE
73,FALSE POSITIVE,CONFIRMED
74,FALSE POSITIVE,FALSE POSITIVE
75,FALSE POSITIVE,FALSE POSITIVE
76,CANDIDATE,FALSE POSITIVE
77,FALSE POSITIVE,FALSE POSITIVE
78,FALSE POSITIVE,CONFIRMED
79,FALSE POSITIVE,FALSE POSITIVE
80,FALSE POSITIVE,FALSE POSITIVE
81,FALSE POSITIVE,FALSE POSITIVE
82,FALSE POSITIVE,FALSE POSITIVE
83,FALSE POSITIVE,FALSE POSITIVE
84,FALSE POSITIVE,FALSE POSITIVE
85,CONFIRMED,CONFIRMED
86,CONFIRMED,CONFIRMED
87,CONFIRMED,CONFIRMED
88,FALSE POSITIVE,FALSE POSITIVE
89,FALSE POSITIVE,CONFIRMED
90,FALSE POSITIVE,CONFIRMED
91,CANDIDATE,CONFIRMED
92,FALSE POSITIVE,FALSE POSITIVE
93,CANDIDATE,CONFIRMED
94,CONFIRMED,FALSE POSITIVE
95,CANDIDATE,FALSE POSITIVE
96,FALSE POSITIVE,FALSE POSITIVE
97,CONFIRMED,CONFIRMED
98,CONFIRMED,FALSE POSITIVE
99,CANDIDATE,FALSE POSITIVE
100,CANDIDATE,CONFIRMED
101,CANDIDATE,CONFIRMED
102,FALSE POSITIVE,FALSE POSITIVE
103,CANDIDATE,CONFIRMED
104,CANDIDATE,CONFIRMED
105,CANDIDATE,FALSE POSITIVE
106,CONFIRMED,CONFIRMED
107,FALSE POSITIVE,FALSE POSITIVE
108,CONFIRMED,FALSE POSITIVE
109,CONFIRMED,CONFIRMED
110,CANDIDATE,CONFIRMED
111,CANDIDATE,FALSE POSITIVE
112,CONFIRMED,FALSE POSITIVE
113,FALSE POSITIVE,FALSE POSITIVE
114,FALSE POSITIVE,FALSE POSITIVE
115,CONFIRMED,CONFIRMED
116,CANDIDATE,CONFIRMED
117,CONFIRMED,CONFIRMED
118,CANDIDATE,FALSE POSITIVE
119,FALSE POSITIVE,FALSE POSITIVE
120,FALSE POSITIVE,FALSE POSITIVE
121,FALSE POSITIVE,FALSE POSITIVE
122,FALSE POSITIVE,FALSE POSITIVE
123,FALSE POSITIVE,FALSE POSITIVE
124,CANDIDATE,CONFIRMED
125,CONFIRMED,FALSE POSITIVE
126,FALSE POSITIVE,FALSE POSITIVE
127,CANDIDATE,FALSE POSITIVE
128,CANDIDATE,FALSE POSITIVE
129,CONFIRMED,CONFIRMED
130,CANDIDATE,CONFIRMED
131,FALSE POSITIVE,FALSE POSITIVE
132,FALSE POSITIVE,CONFIRMED
133,FALSE POSITIVE,FALSE POSITIVE
134,FALSE POSITIVE,FALSE POSITIVE
135,CONFIRMED,CONFIRMED
136,FALSE POSITIVE,FALSE POSITIVE
137,FALSE POSITIVE,FALSE POSITIVE
138,CANDIDATE,FALSE POSITIVE
139,FALSE POSITIVE,FALSE POSITIVE
140,CONFIRMED,FALSE POSITIVE
141,CANDIDATE,FALSE POSITIVE
142,FALSE POSITIVE,FALSE POSITIVE
143,CANDIDATE,CONFIRMED
144,CONFIRMED,CONFIRMED
145,CANDIDATE,CANDIDATE
146,CONFIRMED,CONFIRMED
147,CONFIRMED,CONFIRMED
148,CANDIDATE,FALSE POSITIVE
149,FALSE POSITIVE,CANDIDATE
150,CANDIDATE,CONFIRMED
151,FALSE POSITIVE,FALSE POSITIVE
152,FALSE POSITIVE,FALSE POSITIVE
153,FALSE POSITIVE,FALSE POSITIVE
154,FALSE POSITIVE,FALSE POSITIVE
155,CANDIDATE,FALSE POSITIVE
156,CONFIRMED,CONFIRMED
157,FALSE POSITIVE,FALSE POSITIVE
158,FALSE POSITIVE,FALSE POSITIVE
159,FALSE POSITIVE,FALSE POSITIVE
160,CONFIRMED,CONFIRMED
161,CONFIRMED,CONFIRMED
162,CONFIRMED,FALSE POSITIVE
163,CANDIDATE,CONFIRMED
164,FALSE POSITIVE,FALSE POSITIVE
165,FALSE POSITIVE,FALSE POSITIVE
166,FALSE POSITIVE,FALSE POSITIVE
167,CONFIRMED,CONFIRMED
168,FALSE POSITIVE,FALSE POSITIVE
169,CONFIRMED,CONFIRMED
170,FALSE POSITIVE,FALSE POSITIVE
171,FALSE POSITIVE,FALSE POSITIVE
172,FALSE POSITIVE,FALSE POSITIVE
173,FALSE POSITIVE,FALSE POSITIVE
174,CANDIDATE,CANDIDATE
175,FALSE POSITIVE,FALSE POSITIVE
176,CONFIRMED,CONFIRMED
177,CONFIRMED,FALSE POSITIVE
178,CANDIDATE,CANDIDATE
179,CONFIRMED,CONFIRMED
180,CONFIRMED,FALSE POSITIVE
181,CONFIRMED,FALSE POSITIVE
182,FALSE POSITIVE,FALSE POSITIVE
183,CONFIRMED,CONFIRMED
184,CONFIRMED,CONFIRMED
185,CANDIDATE,FALSE POSITIVE
186,FALSE POSITIVE,FALSE POSITIVE
187,FALSE POSITIVE,FALSE POSITIVE
188,CONFIRMED,CONFIRMED
189,CONFIRMED,CONFIRMED
190,FALSE POSITIVE,FALSE POSITIVE
191,CONFIRMED,CONFIRMED
192,FALSE POSITIVE,FALSE POSITIVE
193,CONFIRMED,CONFIRMED
194,FALSE POSITIVE,FALSE POSITIVE
195,CONFIRMED,FALSE POSITIVE
196,CANDIDATE,FALSE POSITIVE
197,CANDIDATE,CONFIRMED
198,CONFIRMED,FALSE POSITIVE
199,CANDIDATE,FALSE POSITIVE
200,CANDIDATE,CONFIRMED
201,CANDIDATE,FALSE POSITIVE
202,FALSE POSITIVE,FALSE POSITIVE
203,FALSE POSITIVE,CONFIRMED
204,FALSE POSITIVE,FALSE POSITIVE
205,FALSE POSITIVE,FALSE POSITIVE
206,CONFIRMED,CONFIRMED
207,CONFIRMED,CONFIRMED
208,CANDIDATE,CONFIRMED
209,FALSE POSITIVE,FALSE POSITIVE
210,CONFIRMED,CONFIRMED
211,FALSE POSITIVE,FALSE POSITIVE
212,CANDIDATE,CONFIRMED
213,CANDIDATE,CONFIRMED
214,FALSE POSITIVE,FALSE POSITIVE
215,FALSE POSITIVE,FALSE POSITIVE
216,CONFIRMED,CONFIRMED
217,CANDIDATE,CONFIRMED
218,CONFIRMED,FALSE POSITIVE
219,FALSE POSITIVE,FALSE POSITIVE
220,FALSE POSITIVE,FALSE POSITIVE
221,CANDIDATE,FALSE POSITIVE
222,CANDIDATE,CANDIDATE
223,FALSE POSITIVE,FALSE POSITIVE
224,FALSE POSITIVE,FALSE POSITIVE
225,CONFIRMED,CONFIRMED
226,FALSE POSITIVE,FALSE POSITIVE
227,CANDIDATE,CANDIDATE
228,CONFIRMED,CONFIRMED
229,CANDIDATE,CONFIRMED
230,CONFIRMED,CONFIRMED
231,CANDIDATE,FALSE POSITIVE
232,FALSE POSITIVE,FALSE POSITIVE
233,CONFIRMED,CONFIRMED
234,FALSE POSITIVE,FALSE POSITIVE
235,FALSE POSITIVE,FALSE POSITIVE
236,CANDIDATE,FALSE POSITIVE
237,CONFIRMED,CONFIRMED
238,FALSE POSITIVE,CANDIDATE
239,FALSE POSITIVE,FALSE POSITIVE
240,CANDIDATE,CONFIRMED
241,CONFIRMED,FALSE POSITIVE
242,CANDIDATE,FALSE POSITIVE
243,FALSE POSITIVE,FALSE POSITIVE
244,FALSE POSITIVE,FALSE POSITIVE
245,CANDIDATE,CONFIRMED
246,CONFIRMED,CONFIRMED
247,FALSE POSITIVE,FALSE POSITIVE
248,CONFIRMED,FALSE POSITIVE
249,CANDIDATE,CONFIRMED
250,CONFIRMED,CONFIRMED
251,CANDIDATE,FALSE POSITIVE
252,FALSE POSITIVE,CONFIRMED
253,FALSE POSITIVE,CONFIRMED
254,CONFIRMED,FALSE POSITIVE
255,FALSE POSITIVE,FALSE POSITIVE
256,FALSE POSITIVE,FALSE POSITIVE
257,FALSE POSITIVE,FALSE POSITIVE
258,FALSE POSITIVE,FALSE POSITIVE
259,FALSE POSITIVE,CONFIRMED
260,CANDIDATE,CONFIRMED
261,FALSE POSITIVE,FALSE POSITIVE
262,FALSE POSITIVE,FALSE POSITIVE
263,FALSE POSITIVE,CONFIRMED
264,CANDIDATE,FALSE POSITIVE
265,FALSE POSITIVE,FALSE POSITIVE
266,FALSE POSITIVE,FALSE POSITIVE
267,FALSE POSITIVE,FALSE POSITIVE
268,CONFIRMED,CONFIRMED
269,CANDIDATE,CONFIRMED
270,FALSE POSITIVE,CONFIRMED
271,FALSE POSITIVE,CONFIRMED
272,FALSE POSITIVE,FALSE POSITIVE
273,CANDIDATE,CONFIRMED
274,FALSE POSITIVE,FALSE POSITIVE
275,FALSE POSITIVE,FALSE POSITIVE
276,CONFIRMED,CONFIRMED
277,CANDIDATE,FALSE POSITIVE
278,CANDIDATE,FALSE POSITIVE
279,CONFIRMED,CONFIRMED
280,FALSE POSITIVE,FALSE POSITIVE
281,FALSE POSITIVE,FALSE POSITIVE
282,FALSE POSITIVE,FALSE POSITIVE
283,FALSE POSITIVE,FALSE POSITIVE
284,CANDIDATE,FALSE POSITIVE
285,CANDIDATE,FALSE POSITIVE
286,CANDIDATE,CONFIRMED
287,CONFIRMED,FALSE POSITIVE
288,CANDIDATE,FALSE POSITIVE
289,FALSE POSITIVE,FALSE POSITIVE
290,FALSE POSITIVE,FALSE POSITIVE
291,FALSE POSITIVE,FALSE POSITIVE
292,FALSE POSITIVE,FALSE POSITIVE
293,CONFIRMED,FALSE POSITIVE
294,FALSE POSITIVE,CONFIRMED
295,FALSE POSITIVE,FALSE POSITIVE
296,CONFIRMED,CONFIRMED
297,CANDIDATE,FALSE POSITIVE
298,FALSE POSITIVE,CONFIRMED
299,FALSE POSITIVE,FALSE POSITIVE
300,CONFIRMED,CONFIRMED
301,FALSE POSITIVE,FALSE POSITIVE
302,FALSE POSITIVE,FALSE POSITIVE
303,CONFIRMED,FALSE POSITIVE
304,CANDIDATE,FALSE POSITIVE
305,CANDIDATE,FALSE POSITIVE
306,CONFIRMED,FALSE POSITIVE
307,CONFIRMED,CONFIRMED
308,FALSE POSITIVE,FALSE POSITIVE
309,CANDIDATE,FALSE POSITIVE
310,CONFIRMED,FALSE POSITIVE
311,FALSE POSITIVE,FALSE POSITIVE
312,CONFIRMED,CONFIRMED
313,FALSE POSITIVE,FALSE POSITIVE
314,CONFIRMED,FALSE POSITIVE
315,FALSE POSITIVE,FALSE POSITIVE
316,FALSE POSITIVE,FALSE POSITIVE
317,FALSE POSITIVE,FALSE POSITIVE
318,FALSE POSITIVE,FALSE POSITIVE
319,CONFIRMED,FALSE POSITIVE
320,FALSE POSITIVE,FALSE POSITIVE
321,FALSE POSITIVE,FALSE POSITIVE
322,CANDIDATE,FALSE POSITIVE
323,CONFIRMED,CONFIRMED
324,CONFIRMED,CONFIRMED
325,FALSE POSITIVE,FALSE POSITIVE
326,FALSE POSITIVE,FALSE POSITIVE
327,CONFIRMED,CONFIRMED
328,CONFIRMED,CONFIRMED
329,FALSE POSITIVE,FALSE POSITIVE
330,CANDIDATE,CONFIRMED
331,CONFIRMED,FALSE POSITIVE
332,FALSE POSITIVE,FALSE POSITIVE
333,FALSE POSITIVE,FALSE POSITIVE
334,FALSE POSITIVE,FALSE POSITIVE
335,CONFIRMED,CONFIRMED
336,CANDIDATE,FALSE POSITIVE
337,CONFIRMED,FALSE POSITIVE
338,FALSE POSITIVE,FALSE POSITIVE
339,FALSE POSITIVE,FALSE POSITIVE
340,CANDIDATE,FALSE POSITIVE
341,FALSE POSITIVE,FALSE POSITIVE
342,CONFIRMED,FALSE POSITIVE
343,CANDIDATE,CONFIRMED
344,FALSE POSITIVE,FALSE POSITIVE
345,FALSE POSITIVE,FALSE POSITIVE
346,FALSE POSITIVE,FALSE POSITIVE
347,FALSE POSITIVE,FALSE POSITIVE
348,FALSE POSITIVE,FALSE POSITIVE
349,CONFIRMED,FALSE POSITIVE
350,CONFIRMED,CONFIRMED
351,FALSE POSITIVE,FALSE POSITIVE
352,FALSE POSITIVE,FALSE POSITIVE
353,FALSE POSITIVE,FALSE POSITIVE
354,CANDIDATE,CONFIRMED
355,CANDIDATE,CONFIRMED
356,FALSE POSITIVE,FALSE POSITIVE
357,FALSE POSITIVE,FALSE POSITIVE
358,CANDIDATE,CONFIRMED
359,CANDIDATE,CONFIRMED
360,FALSE POSITIVE,FALSE POSITIVE
361,CANDIDATE,FALSE POSITIVE
362,CANDIDATE,FALSE POSITIVE
363,FALSE POSITIVE,FALSE POSITIVE
364,FALSE POSITIVE,CONFIRMED
365,FALSE POSITIVE,FALSE POSITIVE
366,CONFIRMED,CONFIRMED
367,CONFIRMED,FALSE POSITIVE
368,FALSE POSITIVE,FALSE POSITIVE
369,FALSE POSITIVE,FALSE POSITIVE
370,CONFIRMED,CONFIRMED
371,FALSE POSITIVE,FALSE POSITIVE
372,CANDIDATE,CONFIRMED
373,CONFIRMED,FALSE POSITIVE
374,CONFIRMED,CONFIRMED
375,FALSE POSITIVE,FALSE POSITIVE
376,CONFIRMED,FALSE POSITIVE
377,CANDIDATE,CONFIRMED
378,FALSE POSITIVE,FALSE POSITIVE
379,FALSE POSITIVE,FALSE POSITIVE
380,CANDIDATE,CONFIRMED
381,CONFIRMED,CONFIRMED
382,FALSE POSITIVE,FALSE POSITIVE
383,CONFIRMED,CONFIRMED
384,CONFIRMED,CONFIRMED
385,FALSE POSITIVE,FALSE POSITIVE
386,FALSE POSITIVE,FALSE POSITIVE
387,CONFIRMED,CONFIRMED
388,CONFIRMED,FALSE POSITIVE
389,CANDIDATE,CONFIRMED
390,FALSE POSITIVE,FALSE POSITIVE
391,FALSE POSITIVE,FALSE POSITIVE
392,FALSE POSITIVE,FALSE POSITIVE
393,FALSE POSITIVE,CONFIRMED
394,FALSE POSITIVE,CONFIRMED
395,FALSE POSITIVE,FALSE POSITIVE
396,CONFIRMED,CONFIRMED
397,CANDIDATE,CONFIRMED
398,FALSE POSITIVE,FALSE POSITIVE
399,FALSE POSITIVE,FALSE POSITIVE
400,FALSE POSITIVE,FALSE POSITIVE
401,FALSE POSITIVE,FALSE POSITIVE
402,CANDIDATE,CONFIRMED
403,FALSE POSITIVE,FALSE POSITIVE
404,FALSE POSITIVE,CONFIRMED
405,FALSE POSITIVE,FALSE POSITIVE
406,FALSE POSITIVE,CONFIRMED
407,FALSE POSITIVE,FALSE POSITIVE
408,CANDIDATE,CONFIRMED
409,CANDIDATE,CONFIRMED
410,FALSE POSITIVE,FALSE POSITIVE
411,FALSE POSITIVE,FALSE POSITIVE
412,CANDIDATE,CONFIRMED
413,FALSE POSITIVE,FALSE POSITIVE
414,CANDIDATE,CANDIDATE
415,CANDIDATE,FALSE POSITIVE
416,FALSE POSITIVE,FALSE POSITIVE
417,CANDIDATE,FALSE POSITIVE
418,CONFIRMED,CONFIRMED
419,FALSE POSITIVE,FALSE POSITIVE
420,FALSE POSITIVE,FALSE POSITIVE
421,CONFIRMED,CONFIRMED
422,CANDIDATE,CONFIRMED
423,FALSE POSITIVE,CONFIRMED
424,FALSE POSITIVE,FALSE POSITIVE
425,FALSE POSITIVE,FALSE POSITIVE
426,FALSE POSITIVE,FALSE POSITIVE
427,CANDIDATE,CANDIDATE
428,CANDIDATE,CONFIRMED
429,CONFIRMED,FALSE POSITIVE
430,CONFIRMED,CONFIRMED
431,CONFIRMED,CONFIRMED
432,CONFIRMED,FALSE POSITIVE
433,CONFIRMED,CONFIRMED
434,CONFIRMED,CONFIRMED
435,CANDIDATE,FALSE POSITIVE
436,FALSE POSITIVE,CONFIRMED
437,CONFIRMED,FALSE POSITIVE
438,FALSE POSITIVE,FALSE POSITIVE
439,CANDIDATE,CONFIRMED
440,FALSE POSITIVE,FALSE POSITIVE
441,FALSE POSITIVE,FALSE POSITIVE
442,CANDIDATE,FALSE POSITIVE
443,FALSE POSITIVE,FALSE POSITIVE
444,CONFIRMED,CONFIRMED
445,FALSE POSITIVE,FALSE POSITIVE
446,FALSE POSITIVE,FALSE POSITIVE
447,FALSE POSITIVE,FALSE POSITIVE
448,CANDIDATE,CONFIRMED
449,FALSE POSITIVE,FALSE POSITIVE
450,CONFIRMED,CONFIRMED
451,FALSE POSITIVE,FALSE POSITIVE
452,FALSE POSITIVE,CONFIRMED
453,CONFIRMED,CONFIRMED
454,FALSE POSITIVE,CONFIRMED
455,CONFIRMED,CONFIRMED
456,CONFIRMED,CONFIRMED
457,CANDIDATE,FALSE POSITIVE
458,FALSE POSITIVE,FALSE POSITIVE
459,FALSE POSITIVE,FALSE POSITIVE
460,FALSE POSITIVE,CANDIDATE
461,CONFIRMED,FALSE POSITIVE
462,FALSE POSITIVE,FALSE POSITIVE
463,FALSE POSITIVE,FALSE POSITIVE
464,FALSE POSITIVE,FALSE POSITIVE
465,CANDIDATE,CANDIDATE
466,CANDIDATE,FALSE POSITIVE
467,CANDIDATE,FALSE POSITIVE
468,CONFIRMED,CONFIRMED
469,FALSE POSITIVE,FALSE POSITIVE
470,FALSE POSITIVE,FALSE POSITIVE
471,CONFIRMED,FALSE POSITIVE
472,FALSE POSITIVE,FALSE POSITIVE
473,FALSE POSITIVE,FALSE POSITIVE
474,CONFIRMED,CONFIRMED
475,FALSE POSITIVE,FALSE POSITIVE
476,FALSE POSITIVE,CONFIRMED
477,CANDIDATE,FALSE POSITIVE
478,FALSE POSITIVE,CONFIRMED
479,FALSE POSITIVE,FALSE POSITIVE
480,CANDIDATE,CANDIDATE
481,CONFIRMED,CONFIRMED
482,CANDIDATE,FALSE POSITIVE
483,CANDIDATE,FALSE POSITIVE
484,CONFIRMED,CONFIRMED
485,CONFIRMED,FALSE POSITIVE
486,FALSE POSITIVE,FALSE POSITIVE
487,FALSE POSITIVE,FALSE POSITIVE
488,CONFIRMED,CONFIRMED
489,CANDIDATE,CONFIRMED
490,FALSE POSITIVE,FALSE POSITIVE
491,CANDIDATE,FALSE POSITIVE
492,FALSE POSITIVE,FALSE POSITIVE
493,CANDIDATE,FALSE POSITIVE
494,FALSE POSITIVE,CONFIRMED
495,CANDIDATE,FALSE POSITIVE
496,FALSE POSITIVE,FALSE POSITIVE
497,FALSE POSITIVE,FALSE POSITIVE
498,CANDIDATE,FALSE POSITIVE
499,FALSE POSITIVE,FALSE POSITIVE
500,CANDIDATE,FALSE POSITIVE
501,CONFIRMED,CONFIRMED
502,FALSE POSITIVE,FALSE POSITIVE
503,FALSE POSITIVE,FALSE POSITIVE
504,FALSE POSITIVE,CANDIDATE
505,CANDIDATE,CONFIRMED
506,CONFIRMED,CONFIRMED
507,CANDIDATE,CONFIRMED
508,CANDIDATE,CANDIDATE
509,CONFIRMED,CONFIRMED
510,CONFIRMED,FALSE POSITIVE
511,CONFIRMED,CONFIRMED
512,FALSE POSITIVE,FALSE POSITIVE
513,CONFIRMED,CONFIRMED
514,CANDIDATE,FALSE POSITIVE
515,FALSE POSITIVE,FALSE POSITIVE
516,CANDIDATE,CONFIRMED
517,FALSE POSITIVE,FALSE POSITIVE
518,FALSE POSITIVE,FALSE POSITIVE
519,FALSE POSITIVE,FALSE POSITIVE
520,FALSE POSITIVE,FALSE POSITIVE
521,CONFIRMED,CONFIRMED
522,FALSE POSITIVE,FALSE POSITIVE
523,FALSE POSITIVE,CANDIDATE
524,FALSE POSITIVE,FALSE POSITIVE
525,CANDIDATE,FALSE POSITIVE
526,CANDIDATE,CONFIRMED
527,FALSE POSITIVE,FALSE POSITIVE
528,FALSE POSITIVE,FALSE POSITIVE
529,FALSE POSITIVE,FALSE POSITIVE
530,CONFIRMED,CONFIRMED
531,FALSE POSITIVE,FALSE POSITIVE
532,CANDIDATE,CANDIDATE
533,FALSE POSITIVE,FALSE POSITIVE
534,CANDIDATE,CONFIRMED
535,CONFIRMED,CONFIRMED
536,CANDIDATE,FALSE POSITIVE
537,FALSE POSITIVE,FALSE POSITIVE
538,CANDIDATE,FALSE POSITIVE
539,FALSE POSITIVE,FALSE POSITIVE
540,CANDIDATE,FALSE POSITIVE
541,FALSE POSITIVE,FALSE POSITIVE
542,FALSE POSITIVE,FALSE POSITIVE
543,FALSE POSITIVE,FALSE POSITIVE
544,FALSE POSITIVE,FALSE POSITIVE
545,CONFIRMED,CONFIRMED
546,FALSE POSITIVE,FALSE POSITIVE
547,FALSE POSITIVE,FALSE POSITIVE
548,FALSE POSITIVE,FALSE POSITIVE
549,CONFIRMED,FALSE POSITIVE
550,CANDIDATE,FALSE POSITIVE
551,FALSE POSITIVE,FALSE POSITIVE
552,CONFIRMED,CONFIRMED
553,FALSE POSITIVE,FALSE POSITIVE
554,FALSE POSITIVE,CONFIRMED
555,FALSE POSITIVE,FALSE POSITIVE
556,FALSE POSITIVE,FALSE POSITIVE
557,CONFIRMED,FALSE POSITIVE
558,CANDIDATE,CONFIRMED
559,CONFIRMED,FALSE POSITIVE
560,FALSE POSITIVE,FALSE POSITIVE
561,CANDIDATE,FALSE POSITIVE
562,CONFIRMED,CONFIRMED
563,FALSE POSITIVE,CANDIDATE
564,CANDIDATE,CONFIRMED
565,FALSE POSITIVE,FALSE POSITIVE
566,FALSE POSITIVE,FALSE POSITIVE
567,FALSE POSITIVE,CONFIRMED
568,FALSE POSITIVE,FALSE POSITIVE
569,FALSE POSITIVE,FALSE POSITIVE
570,FALSE POSITIVE,FALSE POSITIVE
571,FALSE POSITIVE,FALSE POSITIVE
572,CANDIDATE,CONFIRMED
573,CANDIDATE,FALSE POSITIVE
574,CONFIRMED,CONFIRMED
575,CONFIRMED,CONFIRMED
576,CANDIDATE,FALSE POSITIVE
577,CONFIRMED,CONFIRMED
578,CANDIDATE,FALSE POSITIVE
579,FALSE POSITIVE,FALSE POSITIVE
580,FALSE POSITIVE,FALSE POSITIVE
581,FALSE POSITIVE,FALSE POSITIVE
582,FALSE POSITIVE,FALSE POSITIVE
583,CANDIDATE,CONFIRMED
584,FALSE POSITIVE,FALSE POSITIVE
585,CONFIRMED,FALSE POSITIVE
586,FALSE POSITIVE,FALSE POSITIVE
587,FALSE POSITIVE,FALSE POSITIVE
588,FALSE POSITIVE,FALSE POSITIVE
589,CANDIDATE,FALSE POSITIVE
590,CANDIDATE,CONFIRMED
591,FALSE POSITIVE,FALSE POSITIVE
592,CANDIDATE,FALSE POSITIVE
593,FALSE POSITIVE,FALSE POSITIVE
594,FALSE POSITIVE,FALSE POSITIVE
595,FALSE POSITIVE,FALSE POSITIVE
596,FALSE POSITIVE,CONFIRMED
597,CANDIDATE,CONFIRMED
598,CANDIDATE,CONFIRMED
599,CANDIDATE,CONFIRMED
600,CANDIDATE,CONFIRMED
601,FALSE POSITIVE,FALSE POSITIVE
602,CANDIDATE,CONFIRMED
603,FALSE POSITIVE,FALSE POSITIVE
604,FALSE POSITIVE,FALSE POSITIVE
605,FALSE POSITIVE,CANDIDATE
606,FALSE POSITIVE,FALSE POSITIVE
607,CANDIDATE,CONFIRMED
608,CONFIRMED,CONFIRMED
609,CANDIDATE,FALSE POSITIVE
610,FALSE POSITIVE,FALSE POSITIVE
611,CONFIRMED,CONFIRMED
612,FALSE POSITIVE,FALSE POSITIVE
613,CONFIRMED,FALSE POSITIVE
614,CONFIRMED,CONFIRMED
615,FALSE POSITIVE,FALSE POSITIVE
616,CONFIRMED,CONFIRMED
617,CONFIRMED,FALSE POSITIVE
618,FALSE POSITIVE,FALSE POSITIVE
619,FALSE POSITIVE,CONFIRMED
620,CANDIDATE,CONFIRMED
621,FALSE POSITIVE,FALSE POSITIVE
622,CONFIRMED,FALSE POSITIVE
623,FALSE POSITIVE,FALSE POSITIVE
624,FALSE POSITIVE,FALSE POSITIVE
625,FALSE POSITIVE,FALSE POSITIVE
626,CANDIDATE,CANDIDATE
627,CANDIDATE,FALSE POSITIVE
628,CANDIDATE,FALSE POSITIVE
629,CONFIRMED,CONFIRMED
630,CANDIDATE,CONFIRMED
631,FALSE POSITIVE,FALSE POSITIVE
632,FALSE POSITIVE,FALSE POSITIVE
633,CANDIDATE,FALSE POSITIVE
634,FALSE POSITIVE,FALSE POSITIVE
635,FALSE POSITIVE,FALSE POSITIVE
636,FALSE POSITIVE,FALSE POSITIVE
637,FALSE POSITIVE,FALSE POSITIVE
638,FALSE POSITIVE,FALSE POSITIVE
639,CONFIRMED,FALSE POSITIVE
640,FALSE POSITIVE,CONFIRMED
641,CONFIRMED,CONFIRMED
642,FALSE POSITIVE,FALSE POSITIVE
643,CANDIDATE,CONFIRMED
644,CANDIDATE,CONFIRMED
645,FALSE POSITIVE,FALSE POSITIVE
646,FALSE POSITIVE,CONFIRMED
647,CANDIDATE,FALSE POSITIVE
648,FALSE POSITIVE,FALSE POSITIVE
649,CONFIRMED,CONFIRMED
650,CANDIDATE,FALSE POSITIVE
651,FALSE POSITIVE,FALSE POSITIVE
652,CONFIRMED,CONFIRMED
653,FALSE POSITIVE,CONFIRMED
654,CONFIRMED,CONFIRMED
655,CONFIRMED,FALSE POSITIVE
656,CONFIRMED,CONFIRMED
657,FALSE POSITIVE,CONFIRMED
658,CONFIRMED,FALSE POSITIVE
659,FALSE POSITIVE,FALSE POSITIVE
660,CANDIDATE,CANDIDATE
661,CANDIDATE,CONFIRMED
662,FALSE POSITIVE,FALSE POSITIVE
663,FALSE POSITIVE,FALSE POSITIVE
664,CANDIDATE,CONFIRMED
665,CANDIDATE,FALSE POSITIVE
666,CONFIRMED,CONFIRMED
667,CANDIDATE,CONFIRMED
668,CONFIRMED,CONFIRMED
669,CONFIRMED,CONFIRMED
670,FALSE POSITIVE,CONFIRMED
671,CANDIDATE,CONFIRMED
672,FALSE POSITIVE,CONFIRMED
673,FALSE POSITIVE,CONFIRMED
674,CANDIDATE,CONFIRMED
675,CONFIRMED,CONFIRMED
676,FALSE POSITIVE,FALSE POSITIVE
677,FALSE POSITIVE,FALSE POSITIVE
678,FALSE POSITIVE,FALSE POSITIVE
679,CONFIRMED,CONFIRMED
680,CONFIRMED,FALSE POSITIVE
681,CONFIRMED,CONFIRMED
682,FALSE POSITIVE,FALSE POSITIVE
683,FALSE POSITIVE,FALSE POSITIVE
684,CONFIRMED,FALSE POSITIVE
685,CANDIDATE,FALSE POSITIVE
686,FALSE POSITIVE,FALSE POSITIVE
687,CANDIDATE,FALSE POSITIVE
688,FALSE POSITIVE,FALSE POSITIVE
689,FALSE POSITIVE,FALSE POSITIVE
690,FALSE POSITIVE,FALSE POSITIVE
691,CANDIDATE,FALSE POSITIVE
692,CONFIRMED,CONFIRMED
693,CONFIRMED,CONFIRMED
694,CONFIRMED,FALSE POSITIVE
695,CONFIRMED,CONFIRMED
696,FALSE POSITIVE,FALSE POSITIVE
697,FALSE POSITIVE,FALSE POSITIVE
698,FALSE POSITIVE,FALSE POSITIVE
699,FALSE POSITIVE,FALSE POSITIVE
700,FALSE POSITIVE,FALSE POSITIVE
701,CONFIRMED,CONFIRMED
702,FALSE POSITIVE,CONFIRMED
703,CONFIRMED,CONFIRMED
704,FALSE POSITIVE,FALSE POSITIVE
705,CANDIDATE,CONFIRMED
706,CANDIDATE,FALSE POSITIVE
707,CONFIRMED,FALSE POSITIVE
708,CONFIRMED,CONFIRMED
709,FALSE POSITIVE,CONFIRMED
710,FALSE POSITIVE,FALSE POSITIVE
711,FALSE POSITIVE,FALSE POSITIVE
712,CANDIDATE,CONFIRMED
713,FALSE POSITIVE,CANDIDATE
714,FALSE POSITIVE,FALSE POSITIVE
715,CONFIRMED,CONFIRMED
716,FALSE POSITIVE,FALSE POSITIVE
717,CONFIRMED,CONFIRMED
718,CONFIRMED,FALSE POSITIVE
719,FALSE POSITIVE,FALSE POSITIVE
720,FALSE POSITIVE,FALSE POSITIVE
721,FALSE POSITIVE,FALSE POSITIVE
722,FALSE POSITIVE,FALSE POSITIVE
723,FALSE POSITIVE,FALSE POSITIVE
724,FALSE POSITIVE,FALSE POSITIVE
725,FALSE POSITIVE,FALSE POSITIVE
726,CANDIDATE,FALSE POSITIVE
727,FALSE POSITIVE,FALSE POSITIVE
728,CANDIDATE,FALSE POSITIVE
729,FALSE POSITIVE,FALSE POSITIVE
730,CANDIDATE,FALSE POSITIVE
731,FALSE POSITIVE,CONFIRMED
732,CANDIDATE,FALSE POSITIVE
733,CANDIDATE,FALSE POSITIVE
734,FALSE POSITIVE,FALSE POSITIVE
735,FALSE POSITIVE,FALSE POSITIVE
736,FALSE POSITIVE,FALSE POSITIVE
737,FALSE POSITIVE,FALSE POSITIVE
738,FALSE POSITIVE,FALSE POSITIVE
739,CONFIRMED,CONFIRMED
740,CONFIRMED,CONFIRMED
741,CONFIRMED,FALSE POSITIVE
742,FALSE POSITIVE,FALSE POSITIVE
743,FALSE POSITIVE,FALSE POSITIVE
744,CANDIDATE,FALSE POSITIVE
745,CANDIDATE,FALSE POSITIVE
746,CANDIDATE,FALSE POSITIVE
747,CANDIDATE,CONFIRMED
748,FALSE POSITIVE,FALSE POSITIVE
749,CANDIDATE,CONFIRMED
750,FALSE POSITIVE,FALSE POSITIVE
751,FALSE POSITIVE,FALSE POSITIVE
752,CONFIRMED,FALSE POSITIVE
753,FALSE POSITIVE,CONFIRMED
754,CANDIDATE,FALSE POSITIVE
755,FALSE POSITIVE,FALSE POSITIVE
756,FALSE POSITIVE,FALSE POSITIVE
757,FALSE POSITIVE,FALSE POSITIVE
758,FALSE POSITIVE,FALSE POSITIVE
759,FALSE POSITIVE,FALSE POSITIVE
760,CONFIRMED,CONFIRMED
761,CONFIRMED,FALSE POSITIVE
762,CONFIRMED,CONFIRMED
763,CONFIRMED,CONFIRMED
764,FALSE POSITIVE,CONFIRMED
765,CANDIDATE,CONFIRMED
766,FALSE POSITIVE,CONFIRMED
767,FALSE POSITIVE,FALSE POSITIVE
768,FALSE POSITIVE,FALSE POSITIVE
769,FALSE POSITIVE,CONFIRMED
770,FALSE POSITIVE,FALSE POSITIVE
771,FALSE POSITIVE,FALSE POSITIVE
772,CONFIRMED,CONFIRMED
773,CANDIDATE,CONFIRMED
774,CONFIRMED,CONFIRMED
775,CANDIDATE,FALSE POSITIVE
776,CONFIRMED,CONFIRMED
777,CONFIRMED,CONFIRMED
778,CONFIRMED,CONFIRMED
779,FALSE POSITIVE,FALSE POSITIVE
780,FALSE POSITIVE,FALSE POSITIVE
781,CANDIDATE,FALSE POSITIVE
782,CANDIDATE,CANDIDATE
783,CONFIRMED,CONFIRMED
784,FALSE POSITIVE,FALSE POSITIVE
785,CANDIDATE,CONFIRMED
786,CANDIDATE,FALSE POSITIVE
787,CONFIRMED,CONFIRMED
788,FALSE POSITIVE,FALSE POSITIVE
789,CONFIRMED,CONFIRMED
790,FALSE POSITIVE,FALSE POSITIVE
791,FALSE POSITIVE,FALSE POSITIVE
792,FALSE POSITIVE,FALSE POSITIVE
793,CONFIRMED,FALSE POSITIVE
794,FALSE POSITIVE,FALSE POSITIVE
795,FALSE POSITIVE,FALSE POSITIVE
796,FALSE POSITIVE,FALSE POSITIVE
797,FALSE POSITIVE,FALSE POSITIVE
798,CANDIDATE,CONFIRMED
799,FALSE POSITIVE,FALSE POSITIVE
800,CONFIRMED,CONFIRMED
801,CANDIDATE,CONFIRMED
802,CANDIDATE,CANDIDATE
803,CONFIRMED,CONFIRMED
804,CONFIRMED,FALSE POSITIVE
805,FALSE POSITIVE,FALSE POSITIVE
806,CANDIDATE,CONFIRMED
807,CANDIDATE,CONFIRMED
808,CONFIRMED,CONFIRMED
809,CONFIRMED,FALSE POSITIVE
810,FALSE POSITIVE,FALSE POSITIVE
811,CONFIRMED,CONFIRMED
812,CANDIDATE,CONFIRMED
813,FALSE POSITIVE,FALSE POSITIVE
814,FALSE POSITIVE,FALSE POSITIVE
815,FALSE POSITIVE,FALSE POSITIVE
816,CONFIRMED,CONFIRMED
817,CONFIRMED,CONFIRMED
818,CONFIRMED,CONFIRMED
819,CANDIDATE,FALSE POSITIVE
820,FALSE POSITIVE,FALSE POSITIVE
821,CANDIDATE,CONFIRMED
822,CANDIDATE,FALSE POSITIVE
823,FALSE POSITIVE,CONFIRMED
824,FALSE POSITIVE,FALSE POSITIVE
825,FALSE POSITIVE,FALSE POSITIVE
826,CONFIRMED,CONFIRMED
827,FALSE POSITIVE,FALSE POSITIVE
828,FALSE POSITIVE,CONFIRMED
829,FALSE POSITIVE,FALSE POSITIVE
830,FALSE POSITIVE,CONFIRMED
831,FALSE POSITIVE,FALSE POSITIVE
832,CANDIDATE,FALSE POSITIVE
833,FALSE POSITIVE,FALSE POSITIVE
834,FALSE POSITIVE,FALSE POSITIVE
835,CANDIDATE,FALSE POSITIVE
836,FALSE POSITIVE,FALSE POSITIVE
837,FALSE POSITIVE,FALSE POSITIVE
838,FALSE POSITIVE,FALSE POSITIVE
839,CONFIRMED,CONFIRMED
840,FALSE POSITIVE,FALSE POSITIVE
841,CONFIRMED,CONFIRMED
842,FALSE POSITIVE,FALSE POSITIVE
843,FALSE POSITIVE,FALSE POSITIVE
844,FALSE POSITIVE,CONFIRMED
845,FALSE POSITIVE,FALSE POSITIVE
846,CONFIRMED,CONFIRMED
847,CANDIDATE,CANDIDATE
848,FALSE POSITIVE,FALSE POSITIVE
849,FALSE POSITIVE,FALSE POSITIVE
850,CANDIDATE,FALSE POSITIVE
851,CONFIRMED,CONFIRMED
852,CANDIDATE,CONFIRMED
853,CONFIRMED,FALSE POSITIVE
854,FALSE POSITIVE,FALSE POSITIVE
855,CANDIDATE,CONFIRMED
856,FALSE POSITIVE,FALSE POSITIVE
857,CANDIDATE,FALSE POSITIVE
858,CONFIRMED,CONFIRMED
859,FALSE POSITIVE,FALSE POSITIVE
860,FALSE POSITIVE,CANDIDATE
861,CONFIRMED,CONFIRMED
862,CANDIDATE,FALSE POSITIVE
863,FALSE POSITIVE,FALSE POSITIVE
864,FALSE POSITIVE,FALSE POSITIVE
865,CANDIDATE,FALSE POSITIVE
866,CONFIRMED,CONFIRMED
867,FALSE POSITIVE,FALSE POSITIVE
868,FALSE POSITIVE,FALSE POSITIVE
869,CONFIRMED,CONFIRMED
870,FALSE POSITIVE,FALSE POSITIVE
871,FALSE POSITIVE,FALSE POSITIVE
872,CONFIRMED,CONFIRMED
873,CONFIRMED,FALSE POSITIVE
874,CANDIDATE,FALSE POSITIVE
875,FALSE POSITIVE,CONFIRMED
876,CANDIDATE,FALSE POSITIVE
877,FALSE POSITIVE,CONFIRMED
878,CANDIDATE,CANDIDATE
879,CANDIDATE,CONFIRMED
880,FALSE POSITIVE,FALSE POSITIVE
881,FALSE POSITIVE,FALSE POSITIVE
882,CONFIRMED,FALSE POSITIVE
883,FALSE POSITIVE,FALSE POSITIVE
884,CONFIRMED,FALSE POSITIVE
885,CONFIRMED,FALSE POSITIVE
886,CONFIRMED,CONFIRMED
887,CANDIDATE,FALSE POSITIVE
888,FALSE POSITIVE,FALSE POSITIVE
889,CONFIRMED,FALSE POSITIVE
890,FALSE POSITIVE,FALSE POSITIVE
891,FALSE POSITIVE,FALSE POSITIVE
892,FALSE POSITIVE,FALSE POSITIVE
893,CONFIRMED,FALSE POSITIVE
894,FALSE POSITIVE,FALSE POSITIVE
895,CONFIRMED,CONFIRMED
896,CONFIRMED,FALSE POSITIVE
897,FALSE POSITIVE,FALSE POSITIVE
898,CANDIDATE,FALSE POSITIVE
899,FALSE POSITIVE,FALSE POSITIVE
900,CONFIRMED,CONFIRMED
901,CONFIRMED,CONFIRMED
902,CANDIDATE,FALSE POSITIVE
903,CANDIDATE,CANDIDATE
904,CANDIDATE,CONFIRMED
905,FALSE POSITIVE,FALSE POSITIVE
906,CONFIRMED,CONFIRMED
907,FALSE POSITIVE,FALSE POSITIVE
908,FALSE POSITIVE,CONFIRMED
909,CANDIDATE,FALSE POSITIVE
910,FALSE POSITIVE,CONFIRMED
911,CONFIRMED,FALSE POSITIVE
912,CANDIDATE,FALSE POSITIVE
913,CONFIRMED,FALSE POSITIVE
914,FALSE POSITIVE,FALSE POSITIVE
915,FALSE POSITIVE,FALSE POSITIVE
916,CANDIDATE,CONFIRMED
917,CANDIDATE,CONFIRMED
918,FALSE POSITIVE,CONFIRMED
919,FALSE POSITIVE,FALSE POSITIVE
920,FALSE POSITIVE,FALSE POSITIVE
921,FALSE POSITIVE,FALSE POSITIVE
922,FALSE POSITIVE,FALSE POSITIVE
923,CONFIRMED,CONFIRMED
924,FALSE POSITIVE,FALSE POSITIVE
925,FALSE POSITIVE,FALSE POSITIVE
926,FALSE POSITIVE,CONFIRMED
927,FALSE POSITIVE,FALSE POSITIVE
928,CANDIDATE,FALSE POSITIVE
929,FALSE POSITIVE,FALSE POSITIVE
930,CONFIRMED,CONFIRMED
931,CONFIRMED,CONFIRMED
932,FALSE POSITIVE,FALSE POSITIVE
933,FALSE POSITIVE,FALSE POSITIVE
934,FALSE POSITIVE,FALSE POSITIVE
935,CANDIDATE,FALSE POSITIVE
936,FALSE POSITIVE,CONFIRMED
937,CANDIDATE,FALSE POSITIVE
938,CANDIDATE,CONFIRMED
939,CONFIRMED,FALSE POSITIVE
940,FALSE POSITIVE,FALSE POSITIVE
941,FALSE POSITIVE,FALSE POSITIVE
942,FALSE POSITIVE,FALSE POSITIVE
943,CONFIRMED,CONFIRMED
944,CONFIRMED,FALSE POSITIVE
945,FALSE POSITIVE,CONFIRMED
946,CANDIDATE,FALSE POSITIVE
947,CONFIRMED,CONFIRMED
948,FALSE POSITIVE,FALSE POSITIVE
949,FALSE POSITIVE,FALSE POSITIVE
950,FALSE POSITIVE,FALSE POSITIVE
951,CANDIDATE,FALSE POSITIVE
952,FALSE POSITIVE,CANDIDATE
953,CANDIDATE,CONFIRMED
954,FALSE POSITIVE,FALSE POSITIVE
955,FALSE POSITIVE,FALSE POSITIVE
956,CONFIRMED,FALSE POSITIVE
957,CONFIRMED,CONFIRMED
958,FALSE POSITIVE,FALSE POSITIVE
959,CONFIRMED,CONFIRMED
960,FALSE POSITIVE,CONFIRMED
961,CANDIDATE,FALSE POSITIVE
962,CANDIDATE,FALSE POSITIVE
963,FALSE POSITIVE,FALSE POSITIVE
964,CONFIRMED,FALSE POSITIVE
965,FALSE POSITIVE,FALSE POSITIVE
966,FALSE POSITIVE,FALSE POSITIVE
967,CONFIRMED,FALSE POSITIVE
968,CONFIRMED,FALSE POSITIVE
969,FALSE POSITIVE,FALSE POSITIVE
970,CANDIDATE,FALSE POSITIVE
971,CANDIDATE,FALSE POSITIVE
972,FALSE POSITIVE,FALSE POSITIVE
973,CONFIRMED,FALSE POSITIVE
974,CANDIDATE,FALSE POSITIVE
975,FALSE POSITIVE,FALSE POSITIVE
976,CONFIRMED,CONFIRMED
977,FALSE POSITIVE,FALSE POSITIVE
978,CANDIDATE,CONFIRMED
979,FALSE POSITIVE,FALSE POSITIVE
980,FALSE POSITIVE,FALSE POSITIVE
981,CONFIRMED,FALSE POSITIVE
982,CANDIDATE,FALSE POSITIVE
983,FALSE POSITIVE,FALSE POSITIVE
984,CONFIRMED,CONFIRMED
985,CONFIRMED,FALSE POSITIVE
986,CONFIRMED,CONFIRMED
987,CONFIRMED,FALSE POSITIVE
988,CANDIDATE,CANDIDATE
989,FALSE POSITIVE,FALSE POSITIVE
990,FALSE POSITIVE,FALSE POSITIVE
991,CANDIDATE,FALSE POSITIVE
992,CANDIDATE,FALSE POSITIVE
993,CONFIRMED,CONFIRMED
994,CANDIDATE,FALSE POSITIVE
995,FALSE POSITIVE,CONFIRMED
996,CANDIDATE,FALSE POSITIVE
997,CONFIRMED,FALSE POSITIVE
998,FALSE POSITIVE,CANDIDATE
999,CANDIDATE,FALSE POSITIVE
1000,CANDIDATE,FALSE POSITIVE
1001,FALSE POSITIVE,FALSE POSITIVE
1002,CONFIRMED,CONFIRMED
1003,FALSE POSITIVE,FALSE POSITIVE
1004,FALSE POSITIVE,FALSE POSITIVE
1005,FALSE POSITIVE,FALSE POSITIVE
1006,FALSE POSITIVE,CANDIDATE
1007,CANDIDATE,FALSE POSITIVE
1008,CANDIDATE,CONFIRMED
1009,FALSE POSITIVE,FALSE POSITIVE
1010,FALSE POSITIVE,FALSE POSITIVE
1011,FALSE POSITIVE,FALSE POSITIVE
1012,CONFIRMED,FALSE POSITIVE
1013,FALSE POSITIVE,FALSE POSITIVE
1014,FALSE POSITIVE,FALSE POSITIVE
1015,FALSE POSITIVE,FALSE POSITIVE
1016,CONFIRMED,CONFIRMED
1017,FALSE POSITIVE,CONFIRMED
1018,CONFIRMED,CONFIRMED
1019,CANDIDATE,FALSE POSITIVE
1020,CONFIRMED,CONFIRMED
1021,FALSE POSITIVE,FALSE POSITIVE
1022,CANDIDATE,FALSE POSITIVE
1023,CANDIDATE,FALSE POSITIVE
1024,FALSE POSITIVE,FALSE POSITIVE
1025,CANDIDATE,CONFIRMED
1026,CONFIRMED,CONFIRMED
1027,FALSE POSITIVE,FALSE POSITIVE
1028,FALSE POSITIVE,CONFIRMED
1029,FALSE POSITIVE,FALSE POSITIVE
1030,CONFIRMED,CONFIRMED
1031,CONFIRMED,FALSE POSITIVE
1032,CANDIDATE,FALSE POSITIVE
1033,FALSE POSITIVE,FALSE POSITIVE
1034,CANDIDATE,CONFIRMED
1035,CANDIDATE,CONFIRMED
1036,FALSE POSITIVE,CONFIRMED
1037,FALSE POSITIVE,FALSE POSITIVE
1038,CONFIRMED,FALSE POSITIVE
1039,FALSE POSITIVE,FALSE POSITIVE
1040,FALSE POSITIVE,FALSE POSITIVE
1041,CANDIDATE,FALSE POSITIVE
1042,CANDIDATE,FALSE POSITIVE
1043,FALSE POSITIVE,FALSE POSITIVE
1044,FALSE POSITIVE,FALSE POSITIVE
1045,CONFIRMED,CONFIRMED
1046,FALSE POSITIVE,FALSE POSITIVE
1047,FALSE POSITIVE,FALSE POSITIVE
1048,FALSE POSITIVE,FALSE POSITIVE
1049,FALSE POSITIVE,FALSE POSITIVE
1050,FALSE POSITIVE,FALSE POSITIVE
1051,FALSE POSITIVE,FALSE POSITIVE
1052,FALSE POSITIVE,FALSE POSITIVE
1053,FALSE POSITIVE,FALSE POSITIVE
1054,FALSE POSITIVE,FALSE POSITIVE
1055,FALSE POSITIVE,CANDIDATE
1056,FALSE POSITIVE,FALSE POSITIVE
1057,FALSE POSITIVE,CONFIRMED
1058,FALSE POSITIVE,FALSE POSITIVE
1059,FALSE POSITIVE,FALSE POSITIVE
1060,FALSE POSITIVE,CONFIRMED
1061,FALSE POSITIVE,FALSE POSITIVE
1062,FALSE POSITIVE,FALSE POSITIVE
1063,CONFIRMED,FALSE POSITIVE
1064,FALSE POSITIVE,CONFIRMED
1065,CONFIRMED,CONFIRMED
1066,FALSE POSITIVE,FALSE POSITIVE
1067,FALSE POSITIVE,FALSE POSITIVE
1068,CONFIRMED,CONFIRMED
1069,CANDIDATE,CONFIRMED
1070,FALSE POSITIVE,CONFIRMED
1071,CONFIRMED,CONFIRMED
1072,FALSE POSITIVE,CONFIRMED
1073,FALSE POSITIVE,FALSE POSITIVE
1074,CONFIRMED,CONFIRMED
1075,FALSE POSITIVE,FALSE POSITIVE
1076,CONFIRMED,FALSE POSITIVE
1077,FALSE POSITIVE,FALSE POSITIVE
1078,FALSE POSITIVE,FALSE POSITIVE
1079,FALSE POSITIVE,FALSE POSITIVE
1080,CANDIDATE,CANDIDATE
1081,FALSE POSITIVE,FALSE POSITIVE
1082,FALSE POSITIVE,FALSE POSITIVE
1083,CANDIDATE,CONFIRMED
1084,CONFIRMED,FALSE POSITIVE
1085,CONFIRMED,CONFIRMED
1086,CANDIDATE,CONFIRMED
1087,FALSE POSITIVE,FALSE POSITIVE
1088,CANDIDATE,FALSE POSITIVE
1089,FALSE POSITIVE,CANDIDATE
1090,FALSE POSITIVE,FALSE POSITIVE
1091,CONFIRMED,FALSE POSITIVE
1092,FALSE POSITIVE,FALSE POSITIVE
1093,CANDIDATE,FALSE POSITIVE
1094,CONFIRMED,FALSE POSITIVE
1095,FALSE POSITIVE,FALSE POSITIVE
1096,CONFIRMED,FALSE POSITIVE
1097,CANDIDATE,FALSE POSITIVE
1098,CONFIRMED,FALSE POSITIVE
1099,FALSE POSITIVE,CANDIDATE
1100,CONFIRMED,CONFIRMED
1101,CONFIRMED,CONFIRMED
1102,CONFIRMED,FALSE POSITIVE
1103,CANDIDATE,FALSE POSITIVE
1104,FALSE POSITIVE,FALSE POSITIVE
1105,FALSE POSITIVE,CONFIRMED
1106,FALSE POSITIVE,FALSE POSITIVE
1107,CANDIDATE,CONFIRMED
1108,FALSE POSITIVE,FALSE POSITIVE
1109,CONFIRMED,CONFIRMED
1110,FALSE POSITIVE,FALSE POSITIVE
1111,CANDIDATE,CONFIRMED
1112,FALSE POSITIVE,FALSE POSITIVE
1113,FALSE POSITIVE,FALSE POSITIVE
1114,FALSE POSITIVE,CONFIRMED
1115,FALSE POSITIVE,CONFIRMED
1116,FALSE POSITIVE,FALSE POSITIVE
1117,CONFIRMED,FALSE POSITIVE
1118,CANDIDATE,FALSE POSITIVE
1119,CANDIDATE,FALSE POSITIVE
1120,FALSE POSITIVE,FALSE POSITIVE
1121,FALSE POSITIVE,FALSE POSITIVE
1122,CANDIDATE,FALSE POSITIVE
1123,CONFIRMED,CONFIRMED
1124,FALSE POSITIVE,FALSE POSITIVE
1125,FALSE POSITIVE,FALSE POSITIVE
1126,FALSE POSITIVE,FALSE POSITIVE
1127,CONFIRMED,CONFIRMED
1128,FALSE POSITIVE,FALSE POSITIVE
1129,FALSE POSITIVE,FALSE POSITIVE
1130,FALSE POSITIVE,CONFIRMED
1131,CANDIDATE,FALSE POSITIVE
1132,FALSE POSITIVE,FALSE POSITIVE
1133,FALSE POSITIVE,FALSE POSITIVE
1134,FALSE POSITIVE,FALSE POSITIVE
1135,FALSE POSITIVE,FALSE POSITIVE
1136,FALSE POSITIVE,FALSE POSITIVE
1137,FALSE POSITIVE,FALSE POSITIVE
1138,FALSE POSITIVE,FALSE POSITIVE
1139,FALSE POSITIVE,FALSE POSITIVE
1140,FALSE POSITIVE,FALSE POSITIVE
1141,CONFIRMED,CONFIRMED
1142,CONFIRMED,CONFIRMED
1143,FALSE POSITIVE,FALSE POSITIVE
1144,CONFIRMED,CONFIRMED
1145,FALSE POSITIVE,CONFIRMED
1146,CANDIDATE,CONFIRMED
1147,CANDIDATE,FALSE POSITIVE
1148,CANDIDATE,FALSE POSITIVE
1149,FALSE POSITIVE,FALSE POSITIVE
1150,CONFIRMED,FALSE POSITIVE
1151,CANDIDATE,FALSE POSITIVE
1152,CONFIRMED,FALSE POSITIVE
1153,CANDIDATE,FALSE POSITIVE
1154,CANDIDATE,FALSE POSITIVE
1155,CONFIRMED,CONFIRMED
1156,CONFIRMED,CANDIDATE
1157,CONFIRMED,FALSE POSITIVE
1158,FALSE POSITIVE,FALSE POSITIVE
1159,CONFIRMED,FALSE POSITIVE
1160,CONFIRMED,CONFIRMED
1161,CONFIRMED,FALSE POSITIVE
1162,FALSE POSITIVE,FALSE POSITIVE
1163,FALSE POSITIVE,FALSE POSITIVE
1164,FALSE POSITIVE,CANDIDATE
1165,FALSE POSITIVE,FALSE POSITIVE
1166,CANDIDATE,CONFIRMED
1167,FALSE POSITIVE,FALSE POSITIVE
1168,CANDIDATE,CONFIRMED
1169,CANDIDATE,CONFIRMED
1170,CANDIDATE,FALSE POSITIVE
1171,CANDIDATE,FALSE POSITIVE
1172,FALSE POSITIVE,FALSE POSITIVE
1173,CANDIDATE,FALSE POSITIVE
1174,FALSE POSITIVE,FALSE POSITIVE
1175,CONFIRMED,CONFIRMED
1176,FALSE POSITIVE,FALSE POSITIVE
1177,FALSE POSITIVE,FALSE POSITIVE
1178,CANDIDATE,FALSE POSITIVE
1179,FALSE POSITIVE,CONFIRMED
1180,FALSE POSITIVE,CONFIRMED
1181,CONFIRMED,CONFIRMED
1182,FALSE POSITIVE,FALSE POSITIVE
1183,FALSE POSITIVE,CANDIDATE
1184,CANDIDATE,CONFIRMED
1185,CONFIRMED,FALSE POSITIVE
1186,FALSE POSITIVE,CONFIRMED
1187,FALSE POSITIVE,FALSE POSITIVE
1188,FALSE POSITIVE,FALSE POSITIVE
1189,CONFIRMED,CONFIRMED
1190,CONFIRMED,FALSE POSITIVE
1191,CANDIDATE,CONFIRMED
1192,CONFIRMED,FALSE POSITIVE
1193,CANDIDATE,FALSE POSITIVE
1194,CONFIRMED,FALSE POSITIVE
1195,CANDIDATE,FALSE POSITIVE
1196,CANDIDATE,CANDIDATE
1197,CANDIDATE,CONFIRMED
1198,FALSE POSITIVE,FALSE POSITIVE
1199,FALSE POSITIVE,FALSE POSITIVE
1200,FALSE POSITIVE,FALSE POSITIVE
1201,CONFIRMED,CONFIRMED
1202,FALSE POSITIVE,FALSE POSITIVE
1203,FALSE POSITIVE,FALSE POSITIVE
1204,CANDIDATE,FALSE POSITIVE
1205,FALSE POSITIVE,FALSE POSITIVE
1206,FALSE POSITIVE,FALSE POSITIVE
1207,FALSE POSITIVE,FALSE POSITIVE
1208,FALSE POSITIVE,FALSE POSITIVE
1209,CANDIDATE,CANDIDATE
1210,CANDIDATE,CONFIRMED
1211,CANDIDATE,FALSE POSITIVE
1212,FALSE POSITIVE,FALSE POSITIVE
1213,CONFIRMED,FALSE POSITIVE
1214,CONFIRMED,CONFIRMED
1215,FALSE POSITIVE,FALSE POSITIVE
1216,CONFIRMED,FALSE POSITIVE
1217,FALSE POSITIVE,FALSE POSITIVE
1218,FALSE POSITIVE,FALSE POSITIVE
1219,CANDIDATE,CONFIRMED
1220,FALSE POSITIVE,FALSE POSITIVE
1221,FALSE POSITIVE,CONFIRMED
1222,CANDIDATE,FALSE POSITIVE
1223,FALSE POSITIVE,FALSE POSITIVE
1224,CONFIRMED,FALSE POSITIVE
1225,CANDIDATE,FALSE POSITIVE
1226,CANDIDATE,CONFIRMED
1227,FALSE POSITIVE,FALSE POSITIVE
1228,FALSE POSITIVE,FALSE POSITIVE
1229,CONFIRMED,CONFIRMED
1230,CONFIRMED,FALSE POSITIVE
1231,CONFIRMED,FALSE POSITIVE
1232,CANDIDATE,CONFIRMED
1233,CANDIDATE,CONFIRMED
1234,CONFIRMED,FALSE POSITIVE
1235,FALSE POSITIVE,FALSE POSITIVE
1236,FALSE POSITIVE,FALSE POSITIVE
1237,CANDIDATE,FALSE POSITIVE
1238,CONFIRMED,CONFIRMED
1239,CONFIRMED,FALSE POSITIVE
1240,CANDIDATE,CONFIRMED
1241,FALSE POSITIVE,FALSE POSITIVE
1242,CANDIDATE,CONFIRMED
1243,CONFIRMED,FALSE POSITIVE
1244,FALSE POSITIVE,FALSE POSITIVE
1245,FALSE POSITIVE,FALSE POSITIVE
1246,FALSE POSITIVE,FALSE POSITIVE
1247,FALSE POSITIVE,FALSE POSITIVE
1248,FALSE POSITIVE,FALSE POSITIVE
1249,FALSE POSITIVE,FALSE POSITIVE
1250,CANDIDATE,CONFIRMED
1251,FALSE POSITIVE,FALSE POSITIVE
1252,FALSE POSITIVE,CONFIRMED
1253,FALSE POSITIVE,FALSE POSITIVE
1254,CONFIRMED,CONFIRMED
1255,CONFIRMED,CONFIRMED
1256,FALSE POSITIVE,FALSE POSITIVE
1257,FALSE POSITIVE,FALSE POSITIVE
1258,FALSE POSITIVE,FALSE POSITIVE
1259,CONFIRMED,CONFIRMED
1260,CONFIRMED,CONFIRMED
1261,CANDIDATE,FALSE POSITIVE
1262,CONFIRMED,FALSE POSITIVE
1263,CANDIDATE,FALSE POSITIVE
1264,FALSE POSITIVE,FALSE POSITIVE
1265,CONFIRMED,FALSE POSITIVE
1266,FALSE POSITIVE,FALSE POSITIVE
1267,FALSE POSITIVE,FALSE POSITIVE
1268,CANDIDATE,CONFIRMED
1269,CONFIRMED,FALSE POSITIVE
1270,CONFIRMED,CONFIRMED
1271,FALSE POSITIVE,FALSE POSITIVE
1272,FALSE POSITIVE,FALSE POSITIVE
1273,CANDIDATE,FALSE POSITIVE
1274,CONFIRMED,CONFIRMED
1275,CANDIDATE,FALSE POSITIVE
1276,FALSE POSITIVE,CONFIRMED
1277,FALSE POSITIVE,CANDIDATE
1278,CANDIDATE,FALSE POSITIVE
1279,CONFIRMED,CONFIRMED
1280,FALSE POSITIVE,FALSE POSITIVE
1281,FALSE POSITIVE,FALSE POSITIVE
1282,FALSE POSITIVE,FALSE POSITIVE
1283,FALSE POSITIVE,FALSE POSITIVE
1284,CONFIRMED,CONFIRMED
1285,CONFIRMED,FALSE POSITIVE
1286,FALSE POSITIVE,FALSE POSITIVE
1287,FALSE POSITIVE,FALSE POSITIVE
1288,CANDIDATE,FALSE POSITIVE
1289,CANDIDATE,CONFIRMED
1290,FALSE POSITIVE,FALSE POSITIVE
1291,FALSE POSITIVE,FALSE POSITIVE
1292,CONFIRMED,CONFIRMED
1293,CONFIRMED,FALSE POSITIVE
1294,FALSE POSITIVE,FALSE POSITIVE
1295,CONFIRMED,CONFIRMED
1296,FALSE POSITIVE,FALSE POSITIVE
1297,CANDIDATE,CONFIRMED
1298,FALSE POSITIVE,FALSE POSITIVE
1299,FALSE POSITIVE,FALSE POSITIVE
1300,CONFIRMED,FALSE POSITIVE
1301,FALSE POSITIVE,FALSE POSITIVE
1302,FALSE POSITIVE,FALSE POSITIVE
1303,FALSE POSITIVE,FALSE POSITIVE
1304,FALSE POSITIVE,FALSE POSITIVE
1305,CONFIRMED,CONFIRMED
1306,CANDIDATE,FALSE POSITIVE
1307,FALSE POSITIVE,FALSE POSITIVE
1308,CONFIRMED,CONFIRMED
1309,CONFIRMED,CONFIRMED
1310,CONFIRMED,FALSE POSITIVE
1311,FALSE POSITIVE,CONFIRMED
1312,CANDIDATE,FALSE POSITIVE
1313,FALSE POSITIVE,FALSE POSITIVE
1314,FALSE POSITIVE,FALSE POSITIVE
1315,FALSE POSITIVE,FALSE POSITIVE
1316,CONFIRMED,FALSE POSITIVE
1317,FALSE POSITIVE,FALSE POSITIVE
1318,CANDIDATE,FALSE POSITIVE
1319,FALSE POSITIVE,FALSE POSITIVE
1320,CONFIRMED,FALSE POSITIVE
1321,FALSE POSITIVE,FALSE POSITIVE
1322,CONFIRMED,CONFIRMED
1323,CONFIRMED,CONFIRMED
1324,FALSE POSITIVE,FALSE POSITIVE
1325,FALSE POSITIVE,FALSE POSITIVE
1326,FALSE POSITIVE,FALSE POSITIVE
1327,FALSE POSITIVE,FALSE POSITIVE
1328,FALSE POSITIVE,FALSE POSITIVE
1329,CONFIRMED,CONFIRMED
1330,CONFIRMED,FALSE POSITIVE
1331,CONFIRMED,CONFIRMED
1332,FALSE POSITIVE,FALSE POSITIVE
1333,FALSE POSITIVE,CONFIRMED
1334,FALSE POSITIVE,FALSE POSITIVE
1335,CANDIDATE,CONFIRMED
1336,CONFIRMED,FALSE POSITIVE
1337,CONFIRMED,CONFIRMED
1338,CONFIRMED,CONFIRMED
1339,FALSE POSITIVE,FALSE POSITIVE
1340,CONFIRMED,FALSE POSITIVE
1341,FALSE POSITIVE,FALSE POSITIVE
1342,CANDIDATE,FALSE POSITIVE
1343,CANDIDATE,FALSE POSITIVE
1344,FALSE POSITIVE,FALSE POSITIVE
1345,CONFIRMED,CONFIRMED
1346,FALSE POSITIVE,FALSE POSITIVE
1347,FALSE POSITIVE,CONFIRMED
1348,CANDIDATE,CONFIRMED
1349,CONFIRMED,CONFIRMED
1350,FALSE POSITIVE,CONFIRMED
1351,FALSE POSITIVE,CONFIRMED
1352,CONFIRMED,FALSE POSITIVE
1353,CONFIRMED,CONFIRMED
1354,CANDIDATE,FALSE POSITIVE
1355,FALSE POSITIVE,FALSE POSITIVE
1356,CONFIRMED,FALSE POSITIVE
1357,FALSE POSITIVE,FALSE POSITIVE
1358,FALSE POSITIVE,CONFIRMED
1359,CANDIDATE,CONFIRMED
1360,CONFIRMED,CONFIRMED
1361,FALSE POSITIVE,FALSE POSITIVE
1362,FALSE POSITIVE,CONFIRMED
1363,CANDIDATE,CONFIRMED
1364,CONFIRMED,FALSE POSITIVE
1365,CANDIDATE,CONFIRMED
1366,CONFIRMED,CONFIRMED
1367,CANDIDATE,FALSE POSITIVE
1368,FALSE POSITIVE,FALSE POSITIVE
1369,CANDIDATE,CONFIRMED
1370,FALSE POSITIVE,FALSE POSITIVE
1371,CANDIDATE,FALSE POSITIVE
1372,FALSE POSITIVE,FALSE POSITIVE
1373,CONFIRMED,CONFIRMED
1374,FALSE POSITIVE,FALSE POSITIVE
1375,CONFIRMED,CONFIRMED
1376,FALSE POSITIVE,CONFIRMED
1377,FALSE POSITIVE,FALSE POSITIVE
1378,CONFIRMED,CONFIRMED
1379,CANDIDATE,FALSE POSITIVE
1380,FALSE POSITIVE,CONFIRMED
1381,FALSE POSITIVE,FALSE POSITIVE
1382,CONFIRMED,CONFIRMED
1383,FALSE POSITIVE,FALSE POSITIVE
1384,CANDIDATE,CONFIRMED
1385,FALSE POSITIVE,CONFIRMED
1386,FALSE POSITIVE,CONFIRMED
1387,FALSE POSITIVE,FALSE POSITIVE
1388,CANDIDATE,CANDIDATE
1389,CANDIDATE,CONFIRMED
1390,CONFIRMED,FALSE POSITIVE
1391,CANDIDATE,CANDIDATE
1392,FALSE POSITIVE,FALSE POSITIVE
1393,FALSE POSITIVE,FALSE POSITIVE
1394,FALSE POSITIVE,FALSE POSITIVE
1395,CANDIDATE,CANDIDATE
1396,CANDIDATE,FALSE POSITIVE
1397,CONFIRMED,CONFIRMED
1398,FALSE POSITIVE,FALSE POSITIVE
